{"modellist":[{"location":"models/mmd/kizunaai/kizunaai.pmx","line_locationx_1":0.4661511268016247,"line_locationy_1":8.402500169020053,"line_locationx_2":0.7258901555615759,"line_locationy_2":8.214669684561553,"line_locationx_3":0.4661511268016247,"line_locationy_3":8.012044101139152,"line_locationx_4":0.2575255433792239,"line_locationy_4":8.214669684561553},{"location":"models/mmd/『天宮こころ(Kokoro Amamiya)』/『天宮こころ(Kokoro Amamiya)』.pmx","line_locationx_1":0.5156659767558534,"line_locationy_1":5.577763110661575,"line_locationx_2":0.7555852617562358,"line_locationy_2":5.506818715276841,"line_locationx_3":0.49193335319812426,"line_locationy_3":5.340197300949646,"line_locationx_4":0.2933258400247455,"line_locationy_4":5.468846517584475},{"location":"models/mmd/るいのれ式物述有栖_配布用フォルダ/物述有栖.pmx","line_locationx_1":0.505223564449477,"line_locationy_1":4.738577527175029,"line_locationx_2":0.7802685224306801,"line_locationy_2":4.586942211694017,"line_locationx_3":0.5526888115649351,"line_locationy_3":4.323897253712814,"line_locationx_4":0.3126160512760982,"line_locationy_4":4.525237390443921}]}